{
  "project_info": {
    "project_number": "637366462516",
    "firebase_url": "https://mygeneguide-40397-default-rtdb.firebaseio.com",
    "project_id": "mygeneguide-40397",
    "storage_bucket": "mygeneguide-40397.appspot.com"
  },
  "client": [
    {
      "client_info": {
        "mobilesdk_app_id": "1:637366462516:android:dee3e043addafa6d584261",
        "android_client_info": {
          "package_name": "com.example.mygeneguide"
        }
      },
      "oauth_client": [
        {
          "client_id": "637366462516-a1r7h6g0tue8o545n5ehmsdsflpcj27s.apps.googleusercontent.com",
          "client_type": 3
        }
      ],
      "api_key": [
        {
          "current_key": "AIzaSyAGuO9bohO7S044vHoe8_kwCDYvtSO5gPM"
        }
      ],
      "services": {
        "appinvite_service": {
          "other_platform_oauth_client": [
            {
              "client_id": "637366462516-a1r7h6g0tue8o545n5ehmsdsflpcj27s.apps.googleusercontent.com",
              "client_type": 3
            }
          ]
        }
      }
    }
  ],
  "configuration_version": "1"
}